{
    "train": {
        "loss": 0.8773612678050995
    },
    "validation": {
        "loss": 3.685960054397583
    },
    "step": 0
}