{
    "train": {
        "loss": -0.5307216853834689
    },
    "validation": {
        "loss": -0.34747092906151933
    },
    "step": 1
}