{
    "train": {
        "loss": -0.4548510223685298
    },
    "validation": {
        "loss": -0.21562448965433317
    },
    "step": 4
}