{
    "train": {
        "loss": 0.2011614516377449
    },
    "validation": {
        "loss": 3.2178683280944824
    },
    "step": 0
}
