{
    "train": {
        "loss": -0.5445882054045796
    },
    "validation": {
        "loss": -0.3456289328052811
    },
    "step": 1
}