{
    "train": {
        "loss": 4.639585576951504
    },
    "validation": {
        "loss": 3.0189115557915125
    },
    "step": 9
}