{
    "train": {
        "loss": -0.5430243643932045
    },
    "validation": {
        "loss": -0.3490419662611204
    },
    "step": 1
}