{
    "train": {
        "loss": 0.824867494404316
    },
    "validation": {
        "loss": 3.151869535446167
    },
    "step": 0
}