{
    "train": {
        "loss": -0.5003180119674653
    },
    "validation": {
        "loss": -0.354512047165678
    },
    "step": 1
}