step	loss
0	-0.3981164034921676
1	-0.5445882054045796
