step	loss
0	2.1134449131786823
1	0.015475681808311492
2	-0.29074251413112506
3	-0.38665884447982535
4	-0.4548510223685298
