step	loss
0	7.523210719227791
1	7.178695440292358
2	6.717950440943241
3	5.933043695986271
4	5.426142118871212
5	5.067850895226002
6	4.883986108005047
7	4.738595016300678
8	4.680229909718037
9	4.639585576951504
