step	loss
0	-0.3901594040216878
1	-0.5307216853834689
