step	loss
0	-0.3647218425758183
1	-0.5003180119674653
