step	loss
0	-0.39263103890698403
1	-0.5430243643932045
