{
    "train": {
        "loss": 0.031502246885793284
    },
    "validation": {
        "loss": 0.010099719239026307
    },
    "step": 2
}