{
    "train": {
        "loss": 0.0013055956651442102
    },
    "validation": {
        "loss": 0.0001873422968201339
    },
    "step": 2
}