{
    "train": {
        "loss": 0.007216187077574432
    },
    "validation": {
        "loss": 0.026907704770565033
    },
    "step": 0
}