{
    "train": {
        "loss": 0.0014261540827646968
    },
    "validation": {
        "loss": 0.0001543196584796533
    },
    "step": 2
}