{
    "train": {
        "loss": 0.0015776563250256004
    },
    "validation": {
        "loss": 0.00023592846752144397
    },
    "step": 2
}