{
    "train": {
        "loss": 0.004401417449116707
    },
    "validation": {
        "loss": 0.016349686309695244
    },
    "step": 0
}