{
    "train": {
        "loss": 0.0016915074666030705
    },
    "validation": {
        "loss": 0.027339555323123932
    },
    "step": 0
}
