{
    "train": {
        "loss": 0.0006558587201652699
    },
    "validation": {
        "loss": 0.00025725633223863464
    },
    "step": 4
}