step	loss
0	0.03177319746464491
1	0.031148793146712705
2	0.031502246885793284
