step	loss
0	0.0021094628791615833
1	0.0015871367368163192
2	0.0013055956651442102
