step	loss
0	0.002348303029066301
1	0.0017726450314512476
2	0.0015776563250256004
