step	loss
0	0.002656130338436924
1	0.0010109157619808684
2	0.0008770745262154378
3	0.0007204620587799582
4	0.0006558587201652699
