step	loss
0	0.0022864192942506634
1	0.0016706936212358414
2	0.0014261540827646968
